"","newdate","Islamophobia","Anti_Muslim"
"1","2011-01-01",0,"1"
"2","2011-01-02",0,"1"
"3","2011-01-03",0,"1"
"4","2011-01-04",0,"1"
"5","2011-01-05",0,"0"
"6","2011-01-06",0,"0"
"7","2011-01-07",0,"0"
"8","2011-01-08",0,"0"
"9","2011-01-09",0,"0"
"10","2011-01-10",0,"0"
"11","2011-01-11",0,"1"
"12","2011-01-12",0,"0"
"13","2011-01-13",0,"0"
"14","2011-01-14",0,"0"
"15","2011-01-15",0,"1"
"16","2011-01-16",0,"0"
"17","2011-01-17",0,"0"
"18","2011-01-18",0,"0"
"19","2011-01-19",2,"0"
"20","2011-01-20",0,"0"
"21","2011-01-21",0,"1"
"22","2011-01-22",0,"0"
"23","2011-01-23",0,"0"
"24","2011-01-24",0,"1"
"25","2011-01-25",0,"0"
"26","2011-01-26",0,"0"
"27","2011-01-27",0,"0"
"28","2011-01-28",1,"0"
"29","2011-01-29",0,"1"
"30","2011-01-30",0,"0"
"31","2011-01-31",2,"1"
"32","2011-02-01",0,"0"
"33","2011-02-02",0,"0"
"34","2011-02-03",5,"1"
"35","2011-02-03",5,"1"
"36","2011-02-04",8,"0"
"37","2011-02-05",0,"0"
"38","2011-02-06",0,"0"
"39","2011-02-07",0,"0"
"40","2011-02-08",80,"0"
"41","2011-02-09",39,"0"
"42","2011-02-10",4,"0"
"43","2011-02-11",8,"1"
"44","2011-02-12",7,"1"
"45","2011-02-13",0,"0"
"46","2011-02-14",6,"0"
"47","2011-02-15",2,"0"
"48","2011-02-16",2,"0"
"49","2011-02-17",2,"0"
"50","2011-02-18",12,"0"
"51","2011-02-19",0,"1"
"52","2011-02-20",0,"0"
"53","2011-02-21",5,"0"
"54","2011-02-22",7,"0"
"55","2011-02-23",11,"0"
"56","2011-02-24",6,"0"
"57","2011-02-25",1,"0"
"58","2011-02-26",1,"0"
"59","2011-02-27",2,"0"
"60","2011-02-28",5,"1"
"61","2011-03-01",7,"0"
"62","2011-03-02",7,"1"
"63","2011-03-03",18,"0"
"64","2011-03-04",16,"1"
"65","2011-03-05",0,"0"
"66","2011-03-06",2,"0"
"67","2011-03-07",26,"0"
"68","2011-03-08",27,"0"
"69","2011-03-09",27,"1"
"70","2011-03-09",27,"1"
"71","2011-03-10",17,"0"
"72","2011-03-11",16,"0"
"73","2011-03-12",4,"1"
"74","2011-03-12",4,"1"
"75","2011-03-13",4,"0"
"76","2011-03-14",5,"0"
"77","2011-03-15",6,"0"
"78","2011-03-16",3,"0"
"79","2011-03-17",0,"0"
"80","2011-03-18",2,"1"
"81","2011-03-19",0,"0"
"82","2011-03-20",2,"0"
"83","2011-03-21",0,"1"
"84","2011-03-22",5,"1"
"85","2011-03-23",19,"0"
"86","2011-03-24",7,"0"
"87","2011-03-25",35,"0"
"88","2011-03-26",1,"1"
"89","2011-03-27",1,"0"
"90","2011-03-28",17,"0"
"91","2011-03-29",24,"0"
"92","2011-03-30",28,"1"
"93","2011-03-31",16,"0"
"94","2011-04-01",60,"0"
"95","2011-04-02",43,"0"
"96","2011-04-03",29,"1"
"97","2011-04-03",29,"1"
"98","2011-04-03",29,"1"
"99","2011-04-04",13,"0"
"100","2011-04-05",0,"1"
"101","2011-04-06",12,"0"
"102","2011-04-07",4,"0"
"103","2011-04-08",6,"0"
"104","2011-04-09",3,"0"
"105","2011-04-10",0,"0"
"106","2011-04-11",11,"0"
"107","2011-04-12",1,"0"
"108","2011-04-13",2,"0"
"109","2011-04-14",5,"0"
"110","2011-04-15",7,"1"
"111","2011-04-16",3,"1"
"112","2011-04-17",0,"1"
"113","2011-04-17",0,"1"
"114","2011-04-18",6,"0"
"115","2011-04-19",5,"1"
"116","2011-04-19",5,"1"
"117","2011-04-20",23,"0"
"118","2011-04-21",13,"1"
"119","2011-04-21",13,"1"
"120","2011-04-22",10,"0"
"121","2011-04-23",10,"0"
"122","2011-04-24",8,"1"
"123","2011-04-25",12,"0"
"124","2011-04-26",4,"1"
"125","2011-04-26",4,"1"
"126","2011-04-27",1,"1"
"127","2011-04-28",0,"0"
"128","2011-04-29",8,"1"
"129","2011-04-29",8,"1"
"130","2011-04-30",11,"0"
"131","2011-05-01",1,"1"
"132","2011-05-02",1,"0"
"133","2011-05-03",5,"0"
"134","2011-05-04",1,"0"
"135","2011-05-05",2,"1"
"136","2011-05-05",2,"1"
"137","2011-05-06",1,"0"
"138","2011-05-07",1,"0"
"139","2011-05-08",0,"0"
"140","2011-05-09",0,"1"
"141","2011-05-10",10,"1"
"142","2011-05-11",3,"0"
"143","2011-05-12",1,"1"
"144","2011-05-12",1,"1"
"145","2011-05-13",4,"0"
"146","2011-05-14",1,"1"
"147","2011-05-15",0,"0"
"148","2011-05-16",1,"0"
"149","2011-05-17",2,"0"
"150","2011-05-18",4,"0"
"151","2011-05-19",9,"1"
"152","2011-05-20",1,"1"
"153","2011-05-21",0,"1"
"154","2011-05-22",0,"0"
"155","2011-05-23",0,"1"
"156","2011-05-24",3,"0"
"157","2011-05-25",0,"1"
"158","2011-05-26",0,"0"
"159","2011-05-27",1,"0"
"160","2011-05-28",0,"0"
"161","2011-05-29",0,"0"
"162","2011-05-30",0,"1"
"163","2011-05-31",2,"0"
"164","2011-06-01",0,"1"
"165","2011-06-02",0,"1"
"166","2011-06-03",1,"0"
"167","2011-06-04",0,"1"
"168","2011-06-04",0,"1"
"169","2011-06-05",0,"0"
"170","2011-06-06",2,"0"
"171","2011-06-07",0,"0"
"172","2011-06-08",20,"1"
"173","2011-06-09",7,"1"
"174","2011-06-09",7,"1"
"175","2011-06-10",5,"0"
"176","2011-06-11",0,"0"
"177","2011-06-12",0,"0"
"178","2011-06-13",8,"0"
"179","2011-06-14",12,"1"
"180","2011-06-15",23,"0"
"181","2011-06-16",12,"1"
"182","2011-06-17",1,"0"
"183","2011-06-18",2,"0"
"184","2011-06-19",0,"0"
"185","2011-06-20",6,"1"
"186","2011-06-21",0,"1"
"187","2011-06-21",0,"1"
"188","2011-06-22",12,"0"
"189","2011-06-23",0,"0"
"190","2011-06-24",3,"0"
"191","2011-06-25",0,"0"
"192","2011-06-26",0,"0"
"193","2011-06-27",5,"1"
"194","2011-06-28",10,"1"
"195","2011-06-29",2,"0"
"196","2011-06-30",1,"0"
"197","2011-07-01",0,"1"
"198","2011-07-02",0,"0"
"199","2011-07-03",3,"1"
"200","2011-07-04",0,"0"
"201","2011-07-05",0,"0"
"202","2011-07-06",0,"1"
"203","2011-07-06",0,"1"
"204","2011-07-07",3,"1"
"205","2011-07-08",0,"0"
"206","2011-07-09",0,"0"
"207","2011-07-10",0,"0"
"208","2011-07-11",1,"0"
"209","2011-07-12",2,"0"
"210","2011-07-13",5,"0"
"211","2011-07-14",1,"0"
"212","2011-07-15",18,"1"
"213","2011-07-15",18,"1"
"214","2011-07-16",0,"0"
"215","2011-07-17",18,"1"
"216","2011-07-18",48,"1"
"217","2011-07-18",48,"1"
"218","2011-07-19",5,"0"
"219","2011-07-20",0,"1"
"220","2011-07-21",2,"0"
"221","2011-07-22",30,"0"
"222","2011-07-23",1,"1"
"223","2011-07-24",8,"0"
"224","2011-07-25",10,"0"
"225","2011-07-26",7,"0"
"226","2011-07-27",14,"0"
"227","2011-07-28",3,"0"
"228","2011-07-29",1,"1"
"229","2011-07-30",0,"0"
"230","2011-07-31",17,"0"
"231","2011-08-01",0,"0"
"232","2011-08-02",6,"1"
"233","2011-08-03",4,"1"
"234","2011-08-04",3,"1"
"235","2011-08-04",3,"1"
"236","2011-08-05",2,"1"
"237","2011-08-06",0,"0"
"238","2011-08-07",0,"1"
"239","2011-08-07",0,"1"
"240","2011-08-07",0,"1"
"241","2011-08-08",0,"0"
"242","2011-08-09",0,"0"
"243","2011-08-10",0,"0"
"244","2011-08-11",1,"0"
"245","2011-08-12",3,"0"
"246","2011-08-13",0,"1"
"247","2011-08-14",0,"0"
"248","2011-08-15",8,"1"
"249","2011-08-15",8,"1"
"250","2011-08-16",3,"1"
"251","2011-08-17",5,"1"
"252","2011-08-17",5,"1"
"253","2011-08-18",2,"0"
"254","2011-08-19",4,"1"
"255","2011-08-20",0,"1"
"256","2011-08-21",0,"0"
"257","2011-08-22",2,"0"
"258","2011-08-23",10,"1"
"259","2011-08-24",0,"1"
"260","2011-08-25",1,"0"
"261","2011-08-26",8,"0"
"262","2011-08-27",6,"1"
"263","2011-08-28",0,"0"
"264","2011-08-29",3,"1"
"265","2011-08-29",3,"1"
"266","2011-08-30",1,"0"
"267","2011-08-31",9,"0"
"268","2011-09-01",0,"0"
"269","2011-09-02",1,"0"
"270","2011-09-03",1,"0"
"271","2011-09-04",1,"1"
"272","2011-09-04",1,"1"
"273","2011-09-04",1,"1"
"274","2011-09-05",0,"0"
"275","2011-09-06",0,"1"
"276","2011-09-07",17,"0"
"277","2011-09-08",3,"1"
"278","2011-09-09",1,"1"
"279","2011-09-09",1,"1"
"280","2011-09-10",3,"0"
"281","2011-09-11",1,"1"
"282","2011-09-12",1,"1"
"283","2011-09-12",1,"1"
"284","2011-09-12",1,"1"
"285","2011-09-13",6,"0"
"286","2011-09-14",0,"0"
"287","2011-09-15",0,"0"
"288","2011-09-16",1,"0"
"289","2011-09-17",0,"1"
"290","2011-09-17",0,"1"
"291","2011-09-18",0,"0"
"292","2011-09-19",0,"0"
"293","2011-09-20",3,"0"
"294","2011-09-21",3,"1"
"295","2011-09-22",0,"1"
"296","2011-09-23",0,"0"
"297","2011-09-24",0,"1"
"298","2011-09-24",0,"1"
"299","2011-09-25",3,"0"
"300","2011-09-26",4,"0"
"301","2011-09-27",1,"0"
"302","2011-09-28",2,"1"
"303","2011-09-29",2,"0"
"304","2011-09-30",0,"1"
"305","2011-10-01",2,"1"
"306","2011-10-02",0,"1"
"307","2011-10-03",1,"1"
"308","2011-10-04",0,"0"
"309","2011-10-05",0,"1"
"310","2011-10-06",4,"0"
"311","2011-10-07",1,"0"
"312","2011-10-08",0,"1"
"313","2011-10-09",0,"0"
"314","2011-10-10",6,"0"
"315","2011-10-11",0,"0"
"316","2011-10-12",0,"0"
"317","2011-10-13",5,"0"
"318","2011-10-14",0,"1"
"319","2011-10-15",1,"1"
"320","2011-10-16",0,"0"
"321","2011-10-17",0,"0"
"322","2011-10-18",0,"0"
"323","2011-10-19",5,"0"
"324","2011-10-20",0,"0"
"325","2011-10-21",2,"0"
"326","2011-10-22",0,"1"
"327","2011-10-23",0,"0"
"328","2011-10-24",0,"0"
"329","2011-10-25",0,"0"
"330","2011-10-26",0,"0"
"331","2011-10-27",0,"0"
"332","2011-10-28",1,"0"
"333","2011-10-29",0,"0"
"334","2011-10-30",0,"0"
"335","2011-10-31",0,"0"
"336","2011-11-01",2,"1"
"337","2011-11-02",0,"1"
"338","2011-11-03",1,"1"
"339","2011-11-04",0,"0"
"340","2011-11-05",0,"1"
"341","2011-11-06",3,"0"
"342","2011-11-07",0,"1"
"343","2011-11-08",0,"0"
"344","2011-11-09",0,"0"
"345","2011-11-10",0,"0"
"346","2011-11-11",2,"0"
"347","2011-11-12",0,"0"
"348","2011-11-13",1,"0"
"349","2011-11-14",5,"0"
"350","2011-11-15",1,"0"
"351","2011-11-16",0,"0"
"352","2011-11-17",5,"0"
"353","2011-11-18",2,"1"
"354","2011-11-18",2,"1"
"355","2011-11-18",2,"1"
"356","2011-11-19",0,"0"
"357","2011-11-20",0,"0"
"358","2011-11-21",1,"1"
"359","2011-11-22",5,"0"
"360","2011-11-23",4,"0"
"361","2011-11-24",0,"0"
"362","2011-11-25",6,"1"
"363","2011-11-26",1,"1"
"364","2011-11-26",1,"1"
"365","2011-11-27",1,"1"
"366","2011-11-28",3,"0"
"367","2011-11-29",0,"0"
"368","2011-11-30",0,"0"
"369","2011-12-01",2,"1"
"370","2011-12-02",0,"0"
"371","2011-12-03",0,"1"
"372","2011-12-03",0,"1"
"373","2011-12-04",0,"0"
"374","2011-12-05",0,"0"
"375","2011-12-06",0,"0"
"376","2011-12-07",0,"0"
"377","2011-12-08",0,"0"
"378","2011-12-09",0,"0"
"379","2011-12-10",0,"0"
"380","2011-12-11",0,"0"
"381","2011-12-12",19,"0"
"382","2011-12-13",14,"1"
"383","2011-12-14",7,"1"
"384","2011-12-15",5,"0"
"385","2011-12-16",2,"0"
"386","2011-12-17",5,"0"
"387","2011-12-18",7,"0"
"388","2011-12-19",0,"1"
"389","2011-12-20",0,"0"
"390","2011-12-21",3,"0"
"391","2011-12-22",8,"1"
"392","2011-12-23",0,"0"
"393","2011-12-24",0,"0"
"394","2011-12-25",0,"0"
"395","2011-12-26",0,"0"
"396","2011-12-27",0,"0"
"397","2011-12-28",0,"1"
"398","2011-12-29",0,"0"
"399","2011-12-30",0,"1"
"400","2011-12-31",1,"1"
"401","2012-01-01",0,"1"
"402","2012-01-01",0,"1"
"403","2012-01-01",0,"1"
"404","2012-01-02",0,"0"
"405","2012-01-03",0,"0"
"406","2012-01-04",0,"0"
"407","2012-01-05",0,"1"
"408","2012-01-06",0,"0"
"409","2012-01-07",0,"1"
"410","2012-01-08",0,"0"
"411","2012-01-09",0,"1"
"412","2012-01-10",3,"1"
"413","2012-01-11",5,"1"
"414","2012-01-12",3,"1"
"415","2012-01-13",0,"0"
"416","2012-01-14",0,"1"
"417","2012-01-15",0,"0"
"418","2012-01-16",0,"1"
"419","2012-01-17",0,"0"
"420","2012-01-18",2,"0"
"421","2012-01-19",2,"1"
"422","2012-01-19",2,"1"
"423","2012-01-20",1,"0"
"424","2012-01-21",2,"1"
"425","2012-01-22",0,"1"
"426","2012-01-23",0,"0"
"427","2012-01-24",8,"1"
"428","2012-01-25",0,"0"
"429","2012-01-26",0,"1"
"430","2012-01-27",0,"0"
"431","2012-01-28",0,"0"
"432","2012-01-29",0,"0"
"433","2012-01-30",0,"0"
"434","2012-01-31",4,"0"
"435","2012-02-01",2,"0"
"436","2012-02-02",0,"0"
"437","2012-02-03",0,"0"
"438","2012-02-04",0,"1"
"439","2012-02-05",0,"0"
"440","2012-02-06",1,"0"
"441","2012-02-07",4,"0"
"442","2012-02-08",0,"0"
"443","2012-02-09",1,"0"
"444","2012-02-10",1,"0"
"445","2012-02-11",2,"0"
"446","2012-02-12",8,"0"
"447","2012-02-13",0,"0"
"448","2012-02-14",0,"0"
"449","2012-02-15",5,"1"
"450","2012-02-16",1,"1"
"451","2012-02-17",0,"0"
"452","2012-02-18",3,"0"
"453","2012-02-19",0,"1"
"454","2012-02-20",5,"0"
"455","2012-02-21",1,"0"
"456","2012-02-22",3,"1"
"457","2012-02-23",7,"1"
"458","2012-02-24",11,"1"
"459","2012-02-25",0,"0"
"460","2012-02-26",0,"0"
"461","2012-02-27",2,"0"
"462","2012-02-28",3,"1"
"463","2012-02-29",2,"0"
"464","2012-03-01",6,"0"
"465","2012-03-02",0,"0"
"466","2012-03-03",0,"0"
"467","2012-03-04",0,"0"
"468","2012-03-05",0,"0"
"469","2012-03-06",0,"1"
"470","2012-03-07",1,"1"
"471","2012-03-08",0,"0"
"472","2012-03-09",0,"0"
"473","2012-03-10",0,"0"
"474","2012-03-11",0,"0"
"475","2012-03-12",0,"0"
"476","2012-03-13",1,"1"
"477","2012-03-14",0,"0"
"478","2012-03-15",0,"0"
"479","2012-03-16",0,"0"
"480","2012-03-17",0,"1"
"481","2012-03-18",0,"0"
"482","2012-03-19",0,"1"
"483","2012-03-20",0,"0"
"484","2012-03-21",0,"0"
"485","2012-03-22",0,"1"
"486","2012-03-23",0,"1"
"487","2012-03-24",0,"0"
"488","2012-03-25",0,"1"
"489","2012-03-26",0,"0"
"490","2012-03-27",0,"0"
"491","2012-03-28",0,"1"
"492","2012-03-28",0,"1"
"493","2012-03-29",0,"0"
"494","2012-03-30",0,"0"
"495","2012-03-31",0,"0"
"496","2012-04-01",0,"0"
"497","2012-04-02",0,"1"
"498","2012-04-03",3,"0"
"499","2012-04-04",0,"0"
"500","2012-04-05",0,"0"
"501","2012-04-06",2,"0"
"502","2012-04-07",0,"0"
"503","2012-04-08",0,"0"
"504","2012-04-09",0,"0"
"505","2012-04-10",0,"0"
"506","2012-04-11",0,"0"
"507","2012-04-12",0,"0"
"508","2012-04-13",0,"0"
"509","2012-04-14",0,"0"
"510","2012-04-15",0,"0"
"511","2012-04-16",0,"1"
"512","2012-04-17",1,"0"
"513","2012-04-18",0,"0"
"514","2012-04-19",0,"0"
"515","2012-04-20",0,"1"
"516","2012-04-21",0,"0"
"517","2012-04-22",0,"1"
"518","2012-04-23",0,"0"
"519","2012-04-24",6,"1"
"520","2012-04-25",0,"1"
"521","2012-04-26",0,"0"
"522","2012-04-27",0,"0"
"523","2012-04-28",1,"1"
"524","2012-04-29",1,"0"
"525","2012-04-30",12,"0"
"526","2012-05-01",5,"0"
"527","2012-05-02",0,"1"
"528","2012-05-03",0,"0"
"529","2012-05-04",0,"1"
"530","2012-05-05",0,"0"
"531","2012-05-06",0,"0"
"532","2012-05-07",0,"0"
"533","2012-05-08",5,"0"
"534","2012-05-09",0,"0"
"535","2012-05-10",14,"1"
"536","2012-05-11",3,"0"
"537","2012-05-12",6,"0"
"538","2012-05-13",4,"0"
"539","2012-05-14",3,"1"
"540","2012-05-14",3,"1"
"541","2012-05-15",0,"1"
"542","2012-05-16",0,"1"
"543","2012-05-17",0,"1"
"544","2012-05-18",0,"0"
"545","2012-05-19",0,"1"
"546","2012-05-20",0,"1"
"547","2012-05-20",0,"1"
"548","2012-05-21",0,"0"
"549","2012-05-22",0,"0"
"550","2012-05-23",2,"0"
"551","2012-05-24",2,"0"
"552","2012-05-25",5,"0"
"553","2012-05-26",1,"0"
"554","2012-05-27",0,"0"
"555","2012-05-28",0,"0"
"556","2012-05-29",0,"0"
"557","2012-05-30",14,"1"
"558","2012-05-31",0,"0"
"559","2012-06-01",0,"1"
"560","2012-06-02",0,"1"
"561","2012-06-03",0,"1"
"562","2012-06-04",1,"0"
"563","2012-06-05",0,"0"
"564","2012-06-06",0,"0"
"565","2012-06-07",0,"0"
"566","2012-06-08",0,"0"
"567","2012-06-09",0,"1"
"568","2012-06-10",2,"0"
"569","2012-06-11",0,"0"
"570","2012-06-12",0,"1"
"571","2012-06-13",0,"0"
"572","2012-06-14",3,"1"
"573","2012-06-15",3,"1"
"574","2012-06-16",0,"0"
"575","2012-06-17",0,"0"
"576","2012-06-18",6,"0"
"577","2012-06-19",0,"1"
"578","2012-06-20",2,"0"
"579","2012-06-21",0,"0"
"580","2012-06-22",0,"1"
"581","2012-06-22",0,"1"
"582","2012-06-22",0,"1"
"583","2012-06-23",0,"0"
"584","2012-06-24",0,"1"
"585","2012-06-25",5,"1"
"586","2012-06-26",0,"0"
"587","2012-06-27",0,"1"
"588","2012-06-27",0,"1"
"589","2012-06-28",0,"0"
"590","2012-06-29",3,"1"
"591","2012-06-30",0,"1"
"592","2012-06-30",0,"1"
"593","2012-07-01",0,"0"
"594","2012-07-02",0,"0"
"595","2012-07-03",0,"1"
"596","2012-07-03",0,"1"
"597","2012-07-04",0,"1"
"598","2012-07-04",0,"1"
"599","2012-07-05",7,"0"
"600","2012-07-06",4,"0"
"601","2012-07-07",0,"0"
"602","2012-07-08",0,"0"
"603","2012-07-09",7,"0"
"604","2012-07-10",1,"0"
"605","2012-07-11",2,"0"
"606","2012-07-12",0,"1"
"607","2012-07-13",0,"0"
"608","2012-07-14",0,"0"
"609","2012-07-15",0,"0"
"610","2012-07-16",2,"1"
"611","2012-07-17",7,"1"
"612","2012-07-17",7,"1"
"613","2012-07-18",17,"0"
"614","2012-07-19",31,"0"
"615","2012-07-20",3,"0"
"616","2012-07-21",2,"0"
"617","2012-07-22",0,"0"
"618","2012-07-23",1,"0"
"619","2012-07-24",21,"0"
"620","2012-07-25",0,"0"
"621","2012-07-26",0,"0"
"622","2012-07-27",0,"1"
"623","2012-07-28",0,"0"
"624","2012-07-29",27,"1"
"625","2012-07-30",5,"0"
"626","2012-07-31",5,"0"
"627","2012-08-01",14,"0"
"628","2012-08-02",3,"1"
"629","2012-08-03",1,"1"
"630","2012-08-04",3,"1"
"631","2012-08-04",3,"1"
"632","2012-08-05",0,"0"
"633","2012-08-06",1,"1"
"634","2012-08-07",1,"0"
"635","2012-08-08",0,"1"
"636","2012-08-09",4,"1"
"637","2012-08-10",5,"0"
"638","2012-08-11",3,"1"
"639","2012-08-12",0,"0"
"640","2012-08-13",1,"1"
"641","2012-08-13",1,"1"
"642","2012-08-14",3,"1"
"643","2012-08-15",0,"1"
"644","2012-08-16",0,"0"
"645","2012-08-17",0,"0"
"646","2012-08-18",0,"0"
"647","2012-08-19",0,"1"
"648","2012-08-20",0,"0"
"649","2012-08-21",0,"0"
"650","2012-08-22",0,"0"
"651","2012-08-23",0,"0"
"652","2012-08-24",8,"0"
"653","2012-08-25",0,"0"
"654","2012-08-26",0,"1"
"655","2012-08-27",0,"0"
"656","2012-08-28",0,"0"
"657","2012-08-29",0,"1"
"658","2012-08-30",3,"0"
"659","2012-08-31",0,"0"
"660","2012-09-01",0,"1"
"661","2012-09-01",0,"1"
"662","2012-09-02",0,"0"
"663","2012-09-03",0,"0"
"664","2012-09-04",0,"0"
"665","2012-09-05",0,"0"
"666","2012-09-06",0,"1"
"667","2012-09-07",0,"0"
"668","2012-09-08",6,"0"
"669","2012-09-09",0,"1"
"670","2012-09-10",0,"0"
"671","2012-09-11",1,"0"
"672","2012-09-12",42,"0"
"673","2012-09-13",21,"1"
"674","2012-09-13",21,"1"
"675","2012-09-13",21,"1"
"676","2012-09-14",17,"1"
"677","2012-09-14",17,"1"
"678","2012-09-14",17,"1"
"679","2012-09-15",0,"1"
"680","2012-09-15",0,"1"
"681","2012-09-16",1,"0"
"682","2012-09-17",9,"0"
"683","2012-09-18",3,"0"
"684","2012-09-19",7,"1"
"685","2012-09-19",7,"1"
"686","2012-09-20",16,"0"
"687","2012-09-21",10,"1"
"688","2012-09-22",0,"0"
"689","2012-09-23",0,"0"
"690","2012-09-24",3,"0"
"691","2012-09-25",5,"1"
"692","2012-09-26",0,"0"
"693","2012-09-27",4,"1"
"694","2012-09-27",4,"1"
"695","2012-09-27",4,"1"
"696","2012-09-28",2,"0"
"697","2012-09-29",0,"1"
"698","2012-09-30",0,"0"
"699","2012-10-01",0,"1"
"700","2012-10-02",9,"0"
"701","2012-10-03",0,"1"
"702","2012-10-04",0,"1"
"703","2012-10-05",4,"0"
"704","2012-10-06",2,"0"
"705","2012-10-07",0,"0"
"706","2012-10-08",0,"0"
"707","2012-10-09",0,"0"
"708","2012-10-10",2,"0"
"709","2012-10-11",5,"0"
"710","2012-10-12",0,"0"
"711","2012-10-13",0,"0"
"712","2012-10-14",0,"0"
"713","2012-10-15",0,"1"
"714","2012-10-16",1,"0"
"715","2012-10-17",1,"0"
"716","2012-10-18",0,"1"
"717","2012-10-19",0,"0"
"718","2012-10-20",0,"0"
"719","2012-10-21",0,"0"
"720","2012-10-22",0,"0"
"721","2012-10-23",0,"0"
"722","2012-10-24",0,"0"
"723","2012-10-25",2,"0"
"724","2012-10-26",0,"0"
"725","2012-10-27",0,"0"
"726","2012-10-28",0,"1"
"727","2012-10-29",1,"0"
"728","2012-10-30",0,"0"
"729","2012-10-31",0,"0"
"730","2012-11-01",0,"0"
"731","2012-11-02",0,"1"
"732","2012-11-03",0,"0"
"733","2012-11-04",0,"0"
"734","2012-11-05",0,"0"
"735","2012-11-06",0,"0"
"736","2012-11-07",0,"1"
"737","2012-11-08",0,"1"
"738","2012-11-09",0,"1"
"739","2012-11-10",1,"0"
"740","2012-11-11",0,"0"
"741","2012-11-12",1,"0"
"742","2012-11-13",0,"1"
"743","2012-11-14",0,"1"
"744","2012-11-15",5,"0"
"745","2012-11-16",0,"1"
"746","2012-11-16",0,"1"
"747","2012-11-16",0,"1"
"748","2012-11-17",0,"1"
"749","2012-11-18",0,"1"
"750","2012-11-19",0,"1"
"751","2012-11-20",0,"1"
"752","2012-11-21",0,"1"
"753","2012-11-22",0,"0"
"754","2012-11-23",0,"0"
"755","2012-11-24",0,"0"
"756","2012-11-25",0,"1"
"757","2012-11-26",4,"0"
"758","2012-11-27",0,"1"
"759","2012-11-27",0,"1"
"760","2012-11-28",2,"0"
"761","2012-11-29",0,"0"
"762","2012-11-30",0,"0"
"763","2012-12-01",0,"0"
"764","2012-12-02",0,"1"
"765","2012-12-03",0,"0"
"766","2012-12-04",0,"1"
"767","2012-12-05",4,"0"
"768","2012-12-06",2,"1"
"769","2012-12-07",1,"0"
"770","2012-12-08",0,"0"
"771","2012-12-09",0,"1"
"772","2012-12-10",4,"0"
"773","2012-12-11",6,"0"
"774","2012-12-12",4,"0"
"775","2012-12-13",0,"0"
"776","2012-12-14",5,"0"
"777","2012-12-15",1,"1"
"778","2012-12-16",0,"0"
"779","2012-12-17",0,"0"
"780","2012-12-18",2,"0"
"781","2012-12-19",0,"1"
"782","2012-12-19",0,"1"
"783","2012-12-20",0,"0"
"784","2012-12-21",0,"0"
"785","2012-12-22",0,"0"
"786","2012-12-23",0,"0"
"787","2012-12-24",0,"0"
"788","2012-12-25",0,"0"
"789","2012-12-26",0,"0"
"790","2012-12-27",2,"0"
"791","2012-12-28",0,"0"
"792","2012-12-29",0,"1"
"793","2012-12-30",0,"0"
"794","2012-12-31",0,"0"
"795","2013-01-01",0,"0"
"796","2013-01-02",0,"0"
"797","2013-01-03",0,"0"
"798","2013-01-04",0,"0"
"799","2013-01-05",0,"0"
"800","2013-01-06",0,"0"
"801","2013-01-07",0,"0"
"802","2013-01-08",0,"0"
"803","2013-01-09",0,"0"
"804","2013-01-10",2,"0"
"805","2013-01-11",0,"0"
"806","2013-01-12",0,"0"
"807","2013-01-13",0,"0"
"808","2013-01-14",1,"0"
"809","2013-01-15",0,"0"
"810","2013-01-16",0,"0"
"811","2013-01-17",0,"0"
"812","2013-01-18",0,"1"
"813","2013-01-19",0,"0"
"814","2013-01-20",0,"0"
"815","2013-01-21",0,"0"
"816","2013-01-22",0,"0"
"817","2013-01-23",0,"0"
"818","2013-01-24",0,"1"
"819","2013-01-25",0,"0"
"820","2013-01-26",0,"0"
"821","2013-01-27",0,"1"
"822","2013-01-28",0,"0"
"823","2013-01-29",0,"0"
"824","2013-01-30",0,"0"
"825","2013-01-31",6,"0"
"826","2013-02-01",0,"0"
"827","2013-02-02",0,"0"
"828","2013-02-03",0,"0"
"829","2013-02-04",0,"1"
"830","2013-02-05",0,"0"
"831","2013-02-06",0,"0"
"832","2013-02-07",1,"1"
"833","2013-02-08",0,"1"
"834","2013-02-09",7,"0"
"835","2013-02-10",0,"1"
"836","2013-02-11",1,"0"
"837","2013-02-12",2,"0"
"838","2013-02-13",0,"0"
"839","2013-02-14",0,"0"
"840","2013-02-15",0,"0"
"841","2013-02-16",0,"0"
"842","2013-02-17",0,"0"
"843","2013-02-18",0,"0"
"844","2013-02-19",3,"1"
"845","2013-02-20",0,"0"
"846","2013-02-21",0,"0"
"847","2013-02-22",3,"1"
"848","2013-02-23",0,"0"
"849","2013-02-24",0,"0"
"850","2013-02-25",0,"0"
"851","2013-02-26",0,"1"
"852","2013-02-27",0,"1"
"853","2013-02-28",0,"0"
"854","2013-03-01",0,"0"
"855","2013-03-02",1,"1"
"856","2013-03-03",0,"1"
"857","2013-03-04",0,"1"
"858","2013-03-05",3,"0"
"859","2013-03-06",0,"0"
"860","2013-03-07",10,"0"
"861","2013-03-08",3,"1"
"862","2013-03-09",0,"0"
"863","2013-03-10",0,"0"
"864","2013-03-11",4,"0"
"865","2013-03-12",3,"0"
"866","2013-03-13",0,"1"
"867","2013-03-13",0,"1"
"868","2013-03-14",2,"0"
"869","2013-03-15",0,"1"
"870","2013-03-16",0,"0"
"871","2013-03-17",0,"0"
"872","2013-03-18",0,"0"
"873","2013-03-19",0,"0"
"874","2013-03-20",0,"0"
"875","2013-03-21",0,"0"
"876","2013-03-22",0,"0"
"877","2013-03-23",0,"0"
"878","2013-03-24",0,"1"
"879","2013-03-25",0,"1"
"880","2013-03-26",0,"0"
"881","2013-03-27",3,"0"
"882","2013-03-28",10,"1"
"883","2013-03-29",0,"1"
"884","2013-03-29",0,"1"
"885","2013-03-30",0,"0"
"886","2013-03-31",0,"0"
"887","2013-04-01",1,"1"
"888","2013-04-02",0,"0"
"889","2013-04-03",0,"1"
"890","2013-04-04",0,"0"
"891","2013-04-05",0,"0"
"892","2013-04-06",0,"0"
"893","2013-04-07",0,"0"
"894","2013-04-08",0,"1"
"895","2013-04-09",1,"0"
"896","2013-04-10",3,"0"
"897","2013-04-11",0,"0"
"898","2013-04-12",0,"0"
"899","2013-04-13",0,"1"
"900","2013-04-14",0,"1"
"901","2013-04-15",2,"1"
"902","2013-04-16",0,"1"
"903","2013-04-17",0,"0"
"904","2013-04-18",1,"1"
"905","2013-04-19",2,"0"
"906","2013-04-20",0,"1"
"907","2013-04-21",0,"0"
"908","2013-04-22",26,"1"
"909","2013-04-23",7,"0"
"910","2013-04-24",11,"1"
"911","2013-04-25",2,"1"
"912","2013-04-26",5,"1"
"913","2013-04-27",1,"1"
"914","2013-04-27",1,"1"
"915","2013-04-28",0,"1"
"916","2013-04-28",0,"1"
"917","2013-04-29",2,"0"
"918","2013-04-30",0,"0"
"919","2013-05-01",6,"0"
"920","2013-05-02",0,"1"
"921","2013-05-03",0,"1"
"922","2013-05-04",1,"1"
"923","2013-05-05",0,"1"
"924","2013-05-05",0,"1"
"925","2013-05-06",1,"1"
"926","2013-05-06",1,"1"
"927","2013-05-07",0,"0"
"928","2013-05-08",0,"0"
"929","2013-05-09",0,"0"
"930","2013-05-10",1,"1"
"931","2013-05-11",7,"1"
"932","2013-05-12",1,"0"
"933","2013-05-13",1,"0"
"934","2013-05-14",0,"1"
"935","2013-05-15",0,"0"
"936","2013-05-16",0,"0"
"937","2013-05-17",1,"1"
"938","2013-05-17",1,"1"
"939","2013-05-18",0,"1"
"940","2013-05-19",5,"1"
"941","2013-05-20",0,"1"
"942","2013-05-21",0,"1"
"943","2013-05-22",1,"0"
"944","2013-05-23",4,"1"
"945","2013-05-24",0,"0"
"946","2013-05-25",0,"1"
"947","2013-05-26",0,"0"
"948","2013-05-27",0,"0"
"949","2013-05-28",5,"0"
"950","2013-05-29",0,"0"
"951","2013-05-30",0,"0"
"952","2013-05-31",0,"0"
"953","2013-06-01",0,"0"
"954","2013-06-02",0,"0"
"955","2013-06-03",1,"1"
"956","2013-06-04",0,"0"
"957","2013-06-05",0,"0"
"958","2013-06-06",0,"0"
"959","2013-06-07",1,"0"
"960","2013-06-08",0,"0"
"961","2013-06-09",0,"1"
"962","2013-06-10",0,"0"
"963","2013-06-11",0,"0"
"964","2013-06-12",0,"0"
"965","2013-06-13",3,"0"
"966","2013-06-14",0,"0"
"967","2013-06-15",0,"1"
"968","2013-06-16",0,"0"
"969","2013-06-17",0,"0"
"970","2013-06-18",0,"0"
"971","2013-06-19",2,"0"
"972","2013-06-20",0,"1"
"973","2013-06-21",0,"0"
"974","2013-06-22",0,"0"
"975","2013-06-23",0,"0"
"976","2013-06-24",7,"0"
"977","2013-06-25",0,"0"
"978","2013-06-26",0,"0"
"979","2013-06-27",2,"0"
"980","2013-06-28",0,"0"
"981","2013-06-29",0,"0"
"982","2013-06-30",0,"0"
"983","2013-07-01",7,"1"
"984","2013-07-02",0,"1"
"985","2013-07-03",0,"0"
"986","2013-07-04",0,"1"
"987","2013-07-05",0,"1"
"988","2013-07-05",0,"1"
"989","2013-07-06",0,"0"
"990","2013-07-07",0,"0"
"991","2013-07-08",0,"0"
"992","2013-07-09",0,"0"
"993","2013-07-10",0,"1"
"994","2013-07-11",1,"0"
"995","2013-07-12",0,"0"
"996","2013-07-13",0,"0"
"997","2013-07-14",0,"1"
"998","2013-07-15",0,"1"
"999","2013-07-16",0,"0"
"1000","2013-07-17",0,"1"
"1001","2013-07-18",0,"0"
"1002","2013-07-19",0,"0"
"1003","2013-07-20",0,"1"
"1004","2013-07-21",0,"0"
"1005","2013-07-22",0,"0"
"1006","2013-07-23",0,"0"
"1007","2013-07-24",0,"1"
"1008","2013-07-25",0,"1"
"1009","2013-07-26",0,"0"
"1010","2013-07-27",0,"1"
"1011","2013-07-28",0,"1"
"1012","2013-07-29",0,"0"
"1013","2013-07-30",0,"0"
"1014","2013-07-31",0,"1"
"1015","2013-08-01",0,"0"
"1016","2013-08-02",0,"0"
"1017","2013-08-03",0,"0"
"1018","2013-08-04",0,"0"
"1019","2013-08-05",0,"1"
"1020","2013-08-06",0,"1"
"1021","2013-08-07",0,"0"
"1022","2013-08-08",0,"1"
"1023","2013-08-09",0,"0"
"1024","2013-08-10",0,"0"
"1025","2013-08-11",0,"0"
"1026","2013-08-12",0,"1"
"1027","2013-08-13",0,"1"
"1028","2013-08-14",0,"0"
"1029","2013-08-15",14,"0"
"1030","2013-08-16",0,"1"
"1031","2013-08-16",0,"1"
"1032","2013-08-17",0,"0"
"1033","2013-08-18",0,"0"
"1034","2013-08-19",0,"1"
"1035","2013-08-19",0,"1"
"1036","2013-08-20",1,"0"
"1037","2013-08-21",0,"1"
"1038","2013-08-22",0,"0"
"1039","2013-08-23",0,"0"
"1040","2013-08-24",0,"0"
"1041","2013-08-25",0,"0"
"1042","2013-08-26",0,"1"
"1043","2013-08-27",0,"0"
"1044","2013-08-28",3,"1"
"1045","2013-08-29",0,"1"
"1046","2013-08-30",0,"1"
"1047","2013-08-31",0,"1"
"1048","2013-09-01",0,"1"
"1049","2013-09-02",0,"1"
"1050","2013-09-03",0,"0"
"1051","2013-09-04",0,"0"
"1052","2013-09-05",0,"0"
"1053","2013-09-06",0,"1"
"1054","2013-09-07",0,"0"
"1055","2013-09-08",0,"1"
"1056","2013-09-08",0,"1"
"1057","2013-09-09",0,"1"
"1058","2013-09-10",0,"1"
"1059","2013-09-11",8,"1"
"1060","2013-09-12",10,"0"
"1061","2013-09-13",0,"0"
"1062","2013-09-14",0,"0"
"1063","2013-09-15",0,"0"
"1064","2013-09-16",0,"0"
"1065","2013-09-17",0,"1"
"1066","2013-09-18",0,"0"
"1067","2013-09-19",0,"0"
"1068","2013-09-20",0,"1"
"1069","2013-09-21",0,"1"
"1070","2013-09-21",0,"1"
"1071","2013-09-21",0,"1"
"1072","2013-09-22",0,"0"
"1073","2013-09-23",0,"1"
"1074","2013-09-24",0,"0"
"1075","2013-09-25",0,"0"
"1076","2013-09-26",0,"0"
"1077","2013-09-27",0,"0"
"1078","2013-09-28",0,"0"
"1079","2013-09-29",0,"1"
"1080","2013-09-29",0,"1"
"1081","2013-09-30",0,"0"
"1082","2013-10-01",0,"0"
"1083","2013-10-02",0,"1"
"1084","2013-10-03",0,"0"
"1085","2013-10-04",0,"0"
"1086","2013-10-05",0,"1"
"1087","2013-10-06",0,"0"
"1088","2013-10-07",0,"0"
"1089","2013-10-08",0,"0"
"1090","2013-10-09",0,"1"
"1091","2013-10-09",0,"1"
"1092","2013-10-10",0,"0"
"1093","2013-10-11",0,"0"
"1094","2013-10-12",0,"1"
"1095","2013-10-13",0,"0"
"1096","2013-10-14",0,"0"
"1097","2013-10-15",0,"0"
"1098","2013-10-16",0,"1"
"1099","2013-10-17",0,"0"
"1100","2013-10-18",0,"0"
"1101","2013-10-19",0,"0"
"1102","2013-10-20",0,"1"
"1103","2013-10-21",0,"0"
"1104","2013-10-22",0,"0"
"1105","2013-10-23",5,"0"
"1106","2013-10-24",0,"1"
"1107","2013-10-25",0,"0"
"1108","2013-10-26",0,"0"
"1109","2013-10-27",0,"0"
"1110","2013-10-28",0,"0"
"1111","2013-10-29",0,"0"
"1112","2013-10-30",0,"0"
"1113","2013-10-31",0,"1"
"1114","2013-11-01",0,"0"
"1115","2013-11-02",0,"0"
"1116","2013-11-03",0,"0"
"1117","2013-11-04",0,"1"
"1118","2013-11-05",0,"0"
"1119","2013-11-06",0,"1"
"1120","2013-11-07",0,"1"
"1121","2013-11-08",0,"0"
"1122","2013-11-09",0,"1"
"1123","2013-11-10",0,"0"
"1124","2013-11-11",0,"0"
"1125","2013-11-12",0,"0"
"1126","2013-11-13",0,"1"
"1127","2013-11-14",0,"0"
"1128","2013-11-15",0,"0"
"1129","2013-11-16",0,"0"
"1130","2013-11-17",0,"0"
"1131","2013-11-18",0,"0"
"1132","2013-11-19",0,"0"
"1133","2013-11-20",0,"0"
"1134","2013-11-21",0,"0"
"1135","2013-11-22",0,"0"
"1136","2013-11-23",0,"1"
"1137","2013-11-24",0,"0"
"1138","2013-11-25",0,"0"
"1139","2013-11-26",0,"1"
"1140","2013-11-27",0,"1"
"1141","2013-11-27",0,"1"
"1142","2013-11-28",0,"0"
"1143","2013-11-29",0,"0"
"1144","2013-11-30",0,"0"
"1145","2013-12-01",0,"0"
"1146","2013-12-02",0,"0"
"1147","2013-12-03",0,"0"
"1148","2013-12-04",0,"1"
"1149","2013-12-04",0,"1"
"1150","2013-12-05",0,"1"
"1151","2013-12-05",0,"1"
"1152","2013-12-05",0,"1"
"1153","2013-12-06",0,"1"
"1154","2013-12-07",0,"0"
"1155","2013-12-08",0,"0"
"1156","2013-12-09",0,"0"
"1157","2013-12-10",0,"0"
"1158","2013-12-11",0,"0"
"1159","2013-12-12",0,"0"
"1160","2013-12-13",0,"0"
"1161","2013-12-14",0,"0"
"1162","2013-12-15",0,"0"
"1163","2013-12-16",0,"1"
"1164","2013-12-17",0,"0"
"1165","2013-12-18",0,"0"
"1166","2013-12-19",0,"0"
"1167","2013-12-20",0,"0"
"1168","2013-12-21",0,"1"
"1169","2013-12-22",0,"0"
"1170","2013-12-23",0,"0"
"1171","2013-12-24",0,"1"
"1172","2013-12-25",0,"0"
"1173","2013-12-26",0,"0"
"1174","2013-12-27",0,"1"
"1175","2013-12-28",0,"0"
"1176","2013-12-29",0,"0"
"1177","2013-12-30",0,"0"
"1178","2013-12-31",0,"0"
