"","newdate","Islamophobia","Anti_Muslim","Year"
"1","2011-01-01",0,1,2011
"2","2011-01-02",0,1,2011
"3","2011-01-03",0,1,2011
"4","2011-01-04",0,1,2011
"5","2011-01-05",0,0,2011
"6","2011-01-06",0,0,2011
"7","2011-01-07",0,0,2011
"8","2011-01-08",0,0,2011
"9","2011-01-09",0,0,2011
"10","2011-01-10",0,0,2011
"11","2011-01-11",0,1,2011
"12","2011-01-12",0,0,2011
"13","2011-01-13",0,0,2011
"14","2011-01-14",0,0,2011
"15","2011-01-15",0,1,2011
"16","2011-01-16",0,0,2011
"17","2011-01-17",0,0,2011
"18","2011-01-18",0,0,2011
"19","2011-01-19",2,0,2011
"20","2011-01-20",0,0,2011
"21","2011-01-21",0,1,2011
"22","2011-01-22",0,0,2011
"23","2011-01-23",0,0,2011
"24","2011-01-24",0,1,2011
"25","2011-01-25",0,0,2011
"26","2011-01-26",0,0,2011
"27","2011-01-27",0,0,2011
"28","2011-01-28",1,0,2011
"29","2011-01-29",0,1,2011
"30","2011-01-30",0,0,2011
"31","2011-01-31",2,1,2011
"32","2011-02-01",0,0,2011
"33","2011-02-02",0,0,2011
"34","2011-02-03",5,2,2011
"35","2011-02-04",8,0,2011
"36","2011-02-05",0,0,2011
"37","2011-02-06",0,0,2011
"38","2011-02-07",0,0,2011
"39","2011-02-08",80,0,2011
"40","2011-02-09",39,0,2011
"41","2011-02-10",4,0,2011
"42","2011-02-11",8,1,2011
"43","2011-02-12",7,1,2011
"44","2011-02-13",0,0,2011
"45","2011-02-14",6,0,2011
"46","2011-02-15",2,0,2011
"47","2011-02-16",2,0,2011
"48","2011-02-17",2,0,2011
"49","2011-02-18",12,0,2011
"50","2011-02-19",0,1,2011
"51","2011-02-20",0,0,2011
"52","2011-02-21",5,0,2011
"53","2011-02-22",7,0,2011
"54","2011-02-23",11,0,2011
"55","2011-02-24",6,0,2011
"56","2011-02-25",1,0,2011
"57","2011-02-26",1,0,2011
"58","2011-02-27",2,0,2011
"59","2011-02-28",5,1,2011
"60","2011-03-01",7,0,2011
"61","2011-03-02",7,1,2011
"62","2011-03-03",18,0,2011
"63","2011-03-04",16,1,2011
"64","2011-03-05",0,0,2011
"65","2011-03-06",2,0,2011
"66","2011-03-07",26,0,2011
"67","2011-03-08",27,0,2011
"68","2011-03-09",27,2,2011
"69","2011-03-10",17,0,2011
"70","2011-03-11",16,0,2011
"71","2011-03-12",4,2,2011
"72","2011-03-13",4,0,2011
"73","2011-03-14",5,0,2011
"74","2011-03-15",6,0,2011
"75","2011-03-16",3,0,2011
"76","2011-03-17",0,0,2011
"77","2011-03-18",2,1,2011
"78","2011-03-19",0,0,2011
"79","2011-03-20",2,0,2011
"80","2011-03-21",0,1,2011
"81","2011-03-22",5,1,2011
"82","2011-03-23",19,0,2011
"83","2011-03-24",7,0,2011
"84","2011-03-25",35,0,2011
"85","2011-03-26",1,1,2011
"86","2011-03-27",1,0,2011
"87","2011-03-28",17,0,2011
"88","2011-03-29",24,0,2011
"89","2011-03-30",28,1,2011
"90","2011-03-31",16,0,2011
"91","2011-04-01",60,0,2011
"92","2011-04-02",43,0,2011
"93","2011-04-03",29,3,2011
"94","2011-04-04",13,0,2011
"95","2011-04-05",0,1,2011
"96","2011-04-06",12,0,2011
"97","2011-04-07",4,0,2011
"98","2011-04-08",6,0,2011
"99","2011-04-09",3,0,2011
"100","2011-04-10",0,0,2011
"101","2011-04-11",11,0,2011
"102","2011-04-12",1,0,2011
"103","2011-04-13",2,0,2011
"104","2011-04-14",5,0,2011
"105","2011-04-15",7,1,2011
"106","2011-04-16",3,1,2011
"107","2011-04-17",0,2,2011
"108","2011-04-18",6,0,2011
"109","2011-04-19",5,2,2011
"110","2011-04-20",23,0,2011
"111","2011-04-21",13,2,2011
"112","2011-04-22",10,0,2011
"113","2011-04-23",10,0,2011
"114","2011-04-24",8,1,2011
"115","2011-04-25",12,0,2011
"116","2011-04-26",4,2,2011
"117","2011-04-27",1,1,2011
"118","2011-04-28",0,0,2011
"119","2011-04-29",8,2,2011
"120","2011-04-30",11,0,2011
"121","2011-05-01",1,1,2011
"122","2011-05-02",1,0,2011
"123","2011-05-03",5,0,2011
"124","2011-05-04",1,0,2011
"125","2011-05-05",2,2,2011
"126","2011-05-06",1,0,2011
"127","2011-05-07",1,0,2011
"128","2011-05-08",0,0,2011
"129","2011-05-09",0,1,2011
"130","2011-05-10",10,1,2011
"131","2011-05-11",3,0,2011
"132","2011-05-12",1,2,2011
"133","2011-05-13",4,0,2011
"134","2011-05-14",1,1,2011
"135","2011-05-15",0,0,2011
"136","2011-05-16",1,0,2011
"137","2011-05-17",2,0,2011
"138","2011-05-18",4,0,2011
"139","2011-05-19",9,1,2011
"140","2011-05-20",1,1,2011
"141","2011-05-21",0,1,2011
"142","2011-05-22",0,0,2011
"143","2011-05-23",0,1,2011
"144","2011-05-24",3,0,2011
"145","2011-05-25",0,1,2011
"146","2011-05-26",0,0,2011
"147","2011-05-27",1,0,2011
"148","2011-05-28",0,0,2011
"149","2011-05-29",0,0,2011
"150","2011-05-30",0,1,2011
"151","2011-05-31",2,0,2011
"152","2011-06-01",0,1,2011
"153","2011-06-02",0,1,2011
"154","2011-06-03",1,0,2011
"155","2011-06-04",0,2,2011
"156","2011-06-05",0,0,2011
"157","2011-06-06",2,0,2011
"158","2011-06-07",0,0,2011
"159","2011-06-08",20,1,2011
"160","2011-06-09",7,2,2011
"161","2011-06-10",5,0,2011
"162","2011-06-11",0,0,2011
"163","2011-06-12",0,0,2011
"164","2011-06-13",8,0,2011
"165","2011-06-14",12,1,2011
"166","2011-06-15",23,0,2011
"167","2011-06-16",12,1,2011
"168","2011-06-17",1,0,2011
"169","2011-06-18",2,0,2011
"170","2011-06-19",0,0,2011
"171","2011-06-20",6,1,2011
"172","2011-06-21",0,2,2011
"173","2011-06-22",12,0,2011
"174","2011-06-23",0,0,2011
"175","2011-06-24",3,0,2011
"176","2011-06-25",0,0,2011
"177","2011-06-26",0,0,2011
"178","2011-06-27",5,1,2011
"179","2011-06-28",10,1,2011
"180","2011-06-29",2,0,2011
"181","2011-06-30",1,0,2011
"182","2011-07-01",0,1,2011
"183","2011-07-02",0,0,2011
"184","2011-07-03",3,1,2011
"185","2011-07-04",0,0,2011
"186","2011-07-05",0,0,2011
"187","2011-07-06",0,2,2011
"188","2011-07-07",3,1,2011
"189","2011-07-08",0,0,2011
"190","2011-07-09",0,0,2011
"191","2011-07-10",0,0,2011
"192","2011-07-11",1,0,2011
"193","2011-07-12",2,0,2011
"194","2011-07-13",5,0,2011
"195","2011-07-14",1,0,2011
"196","2011-07-15",18,2,2011
"197","2011-07-16",0,0,2011
"198","2011-07-17",18,1,2011
"199","2011-07-18",48,2,2011
"200","2011-07-19",5,0,2011
"201","2011-07-20",0,1,2011
"202","2011-07-21",2,0,2011
"203","2011-07-22",30,0,2011
"204","2011-07-23",1,1,2011
"205","2011-07-24",8,0,2011
"206","2011-07-25",10,0,2011
"207","2011-07-26",7,0,2011
"208","2011-07-27",14,0,2011
"209","2011-07-28",3,0,2011
"210","2011-07-29",1,1,2011
"211","2011-07-30",0,0,2011
"212","2011-07-31",17,0,2011
"213","2011-08-01",0,0,2011
"214","2011-08-02",6,1,2011
"215","2011-08-03",4,1,2011
"216","2011-08-04",3,2,2011
"217","2011-08-05",2,1,2011
"218","2011-08-06",0,0,2011
"219","2011-08-07",0,3,2011
"220","2011-08-08",0,0,2011
"221","2011-08-09",0,0,2011
"222","2011-08-10",0,0,2011
"223","2011-08-11",1,0,2011
"224","2011-08-12",3,0,2011
"225","2011-08-13",0,1,2011
"226","2011-08-14",0,0,2011
"227","2011-08-15",8,2,2011
"228","2011-08-16",3,1,2011
"229","2011-08-17",5,2,2011
"230","2011-08-18",2,0,2011
"231","2011-08-19",4,1,2011
"232","2011-08-20",0,1,2011
"233","2011-08-21",0,0,2011
"234","2011-08-22",2,0,2011
"235","2011-08-23",10,1,2011
"236","2011-08-24",0,1,2011
"237","2011-08-25",1,0,2011
"238","2011-08-26",8,0,2011
"239","2011-08-27",6,1,2011
"240","2011-08-28",0,0,2011
"241","2011-08-29",3,2,2011
"242","2011-08-30",1,0,2011
"243","2011-08-31",9,0,2011
"244","2011-09-01",0,0,2011
"245","2011-09-02",1,0,2011
"246","2011-09-03",1,0,2011
"247","2011-09-04",1,3,2011
"248","2011-09-05",0,0,2011
"249","2011-09-06",0,1,2011
"250","2011-09-07",17,0,2011
"251","2011-09-08",3,1,2011
"252","2011-09-09",1,2,2011
"253","2011-09-10",3,0,2011
"254","2011-09-11",1,1,2011
"255","2011-09-12",1,3,2011
"256","2011-09-13",6,0,2011
"257","2011-09-14",0,0,2011
"258","2011-09-15",0,0,2011
"259","2011-09-16",1,0,2011
"260","2011-09-17",0,2,2011
"261","2011-09-18",0,0,2011
"262","2011-09-19",0,0,2011
"263","2011-09-20",3,0,2011
"264","2011-09-21",3,1,2011
"265","2011-09-22",0,1,2011
"266","2011-09-23",0,0,2011
"267","2011-09-24",0,2,2011
"268","2011-09-25",3,0,2011
"269","2011-09-26",4,0,2011
"270","2011-09-27",1,0,2011
"271","2011-09-28",2,1,2011
"272","2011-09-29",2,0,2011
"273","2011-09-30",0,1,2011
"274","2011-10-01",2,1,2011
"275","2011-10-02",0,1,2011
"276","2011-10-03",1,1,2011
"277","2011-10-04",0,0,2011
"278","2011-10-05",0,1,2011
"279","2011-10-06",4,0,2011
"280","2011-10-07",1,0,2011
"281","2011-10-08",0,1,2011
"282","2011-10-09",0,0,2011
"283","2011-10-10",6,0,2011
"284","2011-10-11",0,0,2011
"285","2011-10-12",0,0,2011
"286","2011-10-13",5,0,2011
"287","2011-10-14",0,1,2011
"288","2011-10-15",1,1,2011
"289","2011-10-16",0,0,2011
"290","2011-10-17",0,0,2011
"291","2011-10-18",0,0,2011
"292","2011-10-19",5,0,2011
"293","2011-10-20",0,0,2011
"294","2011-10-21",2,0,2011
"295","2011-10-22",0,1,2011
"296","2011-10-23",0,0,2011
"297","2011-10-24",0,0,2011
"298","2011-10-25",0,0,2011
"299","2011-10-26",0,0,2011
"300","2011-10-27",0,0,2011
"301","2011-10-28",1,0,2011
"302","2011-10-29",0,0,2011
"303","2011-10-30",0,0,2011
"304","2011-10-31",0,0,2011
"305","2011-11-01",2,1,2011
"306","2011-11-02",0,1,2011
"307","2011-11-03",1,1,2011
"308","2011-11-04",0,0,2011
"309","2011-11-05",0,1,2011
"310","2011-11-06",3,0,2011
"311","2011-11-07",0,1,2011
"312","2011-11-08",0,0,2011
"313","2011-11-09",0,0,2011
"314","2011-11-10",0,0,2011
"315","2011-11-11",2,0,2011
"316","2011-11-12",0,0,2011
"317","2011-11-13",1,0,2011
"318","2011-11-14",5,0,2011
"319","2011-11-15",1,0,2011
"320","2011-11-16",0,0,2011
"321","2011-11-17",5,0,2011
"322","2011-11-18",2,3,2011
"323","2011-11-19",0,0,2011
"324","2011-11-20",0,0,2011
"325","2011-11-21",1,1,2011
"326","2011-11-22",5,0,2011
"327","2011-11-23",4,0,2011
"328","2011-11-24",0,0,2011
"329","2011-11-25",6,1,2011
"330","2011-11-26",1,2,2011
"331","2011-11-27",1,1,2011
"332","2011-11-28",3,0,2011
"333","2011-11-29",0,0,2011
"334","2011-11-30",0,0,2011
"335","2011-12-01",2,1,2011
"336","2011-12-02",0,0,2011
"337","2011-12-03",0,2,2011
"338","2011-12-04",0,0,2011
"339","2011-12-05",0,0,2011
"340","2011-12-06",0,0,2011
"341","2011-12-07",0,0,2011
"342","2011-12-08",0,0,2011
"343","2011-12-09",0,0,2011
"344","2011-12-10",0,0,2011
"345","2011-12-11",0,0,2011
"346","2011-12-12",19,0,2011
"347","2011-12-13",14,1,2011
"348","2011-12-14",7,1,2011
"349","2011-12-15",5,0,2011
"350","2011-12-16",2,0,2011
"351","2011-12-17",5,0,2011
"352","2011-12-18",7,0,2011
"353","2011-12-19",0,1,2011
"354","2011-12-20",0,0,2011
"355","2011-12-21",3,0,2011
"356","2011-12-22",8,1,2011
"357","2011-12-23",0,0,2011
"358","2011-12-24",0,0,2011
"359","2011-12-25",0,0,2011
"360","2011-12-26",0,0,2011
"361","2011-12-27",0,0,2011
"362","2011-12-28",0,1,2011
"363","2011-12-29",0,0,2011
"364","2011-12-30",0,1,2011
"365","2011-12-31",1,1,2011
"366","2012-01-01",0,3,2012
"367","2012-01-02",0,0,2012
"368","2012-01-03",0,0,2012
"369","2012-01-04",0,0,2012
"370","2012-01-05",0,1,2012
"371","2012-01-06",0,0,2012
"372","2012-01-07",0,1,2012
"373","2012-01-08",0,0,2012
"374","2012-01-09",0,1,2012
"375","2012-01-10",3,1,2012
"376","2012-01-11",5,1,2012
"377","2012-01-12",3,1,2012
"378","2012-01-13",0,0,2012
"379","2012-01-14",0,1,2012
"380","2012-01-15",0,0,2012
"381","2012-01-16",0,1,2012
"382","2012-01-17",0,0,2012
"383","2012-01-18",2,0,2012
"384","2012-01-19",2,2,2012
"385","2012-01-20",1,0,2012
"386","2012-01-21",2,1,2012
"387","2012-01-22",0,1,2012
"388","2012-01-23",0,0,2012
"389","2012-01-24",8,1,2012
"390","2012-01-25",0,0,2012
"391","2012-01-26",0,1,2012
"392","2012-01-27",0,0,2012
"393","2012-01-28",0,0,2012
"394","2012-01-29",0,0,2012
"395","2012-01-30",0,0,2012
"396","2012-01-31",4,0,2012
"397","2012-02-01",2,0,2012
"398","2012-02-02",0,0,2012
"399","2012-02-03",0,0,2012
"400","2012-02-04",0,1,2012
"401","2012-02-05",0,0,2012
"402","2012-02-06",1,0,2012
"403","2012-02-07",4,0,2012
"404","2012-02-08",0,0,2012
"405","2012-02-09",1,0,2012
"406","2012-02-10",1,0,2012
"407","2012-02-11",2,0,2012
"408","2012-02-12",8,0,2012
"409","2012-02-13",0,0,2012
"410","2012-02-14",0,0,2012
"411","2012-02-15",5,1,2012
"412","2012-02-16",1,1,2012
"413","2012-02-17",0,0,2012
"414","2012-02-18",3,0,2012
"415","2012-02-19",0,1,2012
"416","2012-02-20",5,0,2012
"417","2012-02-21",1,0,2012
"418","2012-02-22",3,1,2012
"419","2012-02-23",7,1,2012
"420","2012-02-24",11,1,2012
"421","2012-02-25",0,0,2012
"422","2012-02-26",0,0,2012
"423","2012-02-27",2,0,2012
"424","2012-02-28",3,1,2012
"425","2012-02-29",2,0,2012
"426","2012-03-01",6,0,2012
"427","2012-03-02",0,0,2012
"428","2012-03-03",0,0,2012
"429","2012-03-04",0,0,2012
"430","2012-03-05",0,0,2012
"431","2012-03-06",0,1,2012
"432","2012-03-07",1,1,2012
"433","2012-03-08",0,0,2012
"434","2012-03-09",0,0,2012
"435","2012-03-10",0,0,2012
"436","2012-03-11",0,0,2012
"437","2012-03-12",0,0,2012
"438","2012-03-13",1,1,2012
"439","2012-03-14",0,0,2012
"440","2012-03-15",0,0,2012
"441","2012-03-16",0,0,2012
"442","2012-03-17",0,1,2012
"443","2012-03-18",0,0,2012
"444","2012-03-19",0,1,2012
"445","2012-03-20",0,0,2012
"446","2012-03-21",0,0,2012
"447","2012-03-22",0,1,2012
"448","2012-03-23",0,1,2012
"449","2012-03-24",0,0,2012
"450","2012-03-25",0,1,2012
"451","2012-03-26",0,0,2012
"452","2012-03-27",0,0,2012
"453","2012-03-28",0,2,2012
"454","2012-03-29",0,0,2012
"455","2012-03-30",0,0,2012
"456","2012-03-31",0,0,2012
"457","2012-04-01",0,0,2012
"458","2012-04-02",0,1,2012
"459","2012-04-03",3,0,2012
"460","2012-04-04",0,0,2012
"461","2012-04-05",0,0,2012
"462","2012-04-06",2,0,2012
"463","2012-04-07",0,0,2012
"464","2012-04-08",0,0,2012
"465","2012-04-09",0,0,2012
"466","2012-04-10",0,0,2012
"467","2012-04-11",0,0,2012
"468","2012-04-12",0,0,2012
"469","2012-04-13",0,0,2012
"470","2012-04-14",0,0,2012
"471","2012-04-15",0,0,2012
"472","2012-04-16",0,1,2012
"473","2012-04-17",1,0,2012
"474","2012-04-18",0,0,2012
"475","2012-04-19",0,0,2012
"476","2012-04-20",0,1,2012
"477","2012-04-21",0,0,2012
"478","2012-04-22",0,1,2012
"479","2012-04-23",0,0,2012
"480","2012-04-24",6,1,2012
"481","2012-04-25",0,1,2012
"482","2012-04-26",0,0,2012
"483","2012-04-27",0,0,2012
"484","2012-04-28",1,1,2012
"485","2012-04-29",1,0,2012
"486","2012-04-30",12,0,2012
"487","2012-05-01",5,0,2012
"488","2012-05-02",0,1,2012
"489","2012-05-03",0,0,2012
"490","2012-05-04",0,1,2012
"491","2012-05-05",0,0,2012
"492","2012-05-06",0,0,2012
"493","2012-05-07",0,0,2012
"494","2012-05-08",5,0,2012
"495","2012-05-09",0,0,2012
"496","2012-05-10",14,1,2012
"497","2012-05-11",3,0,2012
"498","2012-05-12",6,0,2012
"499","2012-05-13",4,0,2012
"500","2012-05-14",3,2,2012
"501","2012-05-15",0,1,2012
"502","2012-05-16",0,1,2012
"503","2012-05-17",0,1,2012
"504","2012-05-18",0,0,2012
"505","2012-05-19",0,1,2012
"506","2012-05-20",0,2,2012
"507","2012-05-21",0,0,2012
"508","2012-05-22",0,0,2012
"509","2012-05-23",2,0,2012
"510","2012-05-24",2,0,2012
"511","2012-05-25",5,0,2012
"512","2012-05-26",1,0,2012
"513","2012-05-27",0,0,2012
"514","2012-05-28",0,0,2012
"515","2012-05-29",0,0,2012
"516","2012-05-30",14,1,2012
"517","2012-05-31",0,0,2012
"518","2012-06-01",0,1,2012
"519","2012-06-02",0,1,2012
"520","2012-06-03",0,1,2012
"521","2012-06-04",1,0,2012
"522","2012-06-05",0,0,2012
"523","2012-06-06",0,0,2012
"524","2012-06-07",0,0,2012
"525","2012-06-08",0,0,2012
"526","2012-06-09",0,1,2012
"527","2012-06-10",2,0,2012
"528","2012-06-11",0,0,2012
"529","2012-06-12",0,1,2012
"530","2012-06-13",0,0,2012
"531","2012-06-14",3,1,2012
"532","2012-06-15",3,1,2012
"533","2012-06-16",0,0,2012
"534","2012-06-17",0,0,2012
"535","2012-06-18",6,0,2012
"536","2012-06-19",0,1,2012
"537","2012-06-20",2,0,2012
"538","2012-06-21",0,0,2012
"539","2012-06-22",0,3,2012
"540","2012-06-23",0,0,2012
"541","2012-06-24",0,1,2012
"542","2012-06-25",5,1,2012
"543","2012-06-26",0,0,2012
"544","2012-06-27",0,2,2012
"545","2012-06-28",0,0,2012
"546","2012-06-29",3,1,2012
"547","2012-06-30",0,2,2012
"548","2012-07-01",0,0,2012
"549","2012-07-02",0,0,2012
"550","2012-07-03",0,2,2012
"551","2012-07-04",0,2,2012
"552","2012-07-05",7,0,2012
"553","2012-07-06",4,0,2012
"554","2012-07-07",0,0,2012
"555","2012-07-08",0,0,2012
"556","2012-07-09",7,0,2012
"557","2012-07-10",1,0,2012
"558","2012-07-11",2,0,2012
"559","2012-07-12",0,1,2012
"560","2012-07-13",0,0,2012
"561","2012-07-14",0,0,2012
"562","2012-07-15",0,0,2012
"563","2012-07-16",2,1,2012
"564","2012-07-17",7,2,2012
"565","2012-07-18",17,0,2012
"566","2012-07-19",31,0,2012
"567","2012-07-20",3,0,2012
"568","2012-07-21",2,0,2012
"569","2012-07-22",0,0,2012
"570","2012-07-23",1,0,2012
"571","2012-07-24",21,0,2012
"572","2012-07-25",0,0,2012
"573","2012-07-26",0,0,2012
"574","2012-07-27",0,1,2012
"575","2012-07-28",0,0,2012
"576","2012-07-29",27,1,2012
"577","2012-07-30",5,0,2012
"578","2012-07-31",5,0,2012
"579","2012-08-01",14,0,2012
"580","2012-08-02",3,1,2012
"581","2012-08-03",1,1,2012
"582","2012-08-04",3,2,2012
"583","2012-08-05",0,0,2012
"584","2012-08-06",1,1,2012
"585","2012-08-07",1,0,2012
"586","2012-08-08",0,1,2012
"587","2012-08-09",4,1,2012
"588","2012-08-10",5,0,2012
"589","2012-08-11",3,1,2012
"590","2012-08-12",0,0,2012
"591","2012-08-13",1,2,2012
"592","2012-08-14",3,1,2012
"593","2012-08-15",0,1,2012
"594","2012-08-16",0,0,2012
"595","2012-08-17",0,0,2012
"596","2012-08-18",0,0,2012
"597","2012-08-19",0,1,2012
"598","2012-08-20",0,0,2012
"599","2012-08-21",0,0,2012
"600","2012-08-22",0,0,2012
"601","2012-08-23",0,0,2012
"602","2012-08-24",8,0,2012
"603","2012-08-25",0,0,2012
"604","2012-08-26",0,1,2012
"605","2012-08-27",0,0,2012
"606","2012-08-28",0,0,2012
"607","2012-08-29",0,1,2012
"608","2012-08-30",3,0,2012
"609","2012-08-31",0,0,2012
"610","2012-09-01",0,2,2012
"611","2012-09-02",0,0,2012
"612","2012-09-03",0,0,2012
"613","2012-09-04",0,0,2012
"614","2012-09-05",0,0,2012
"615","2012-09-06",0,1,2012
"616","2012-09-07",0,0,2012
"617","2012-09-08",6,0,2012
"618","2012-09-09",0,1,2012
"619","2012-09-10",0,0,2012
"620","2012-09-11",1,0,2012
"621","2012-09-12",42,0,2012
"622","2012-09-13",21,3,2012
"623","2012-09-14",17,3,2012
"624","2012-09-15",0,2,2012
"625","2012-09-16",1,0,2012
"626","2012-09-17",9,0,2012
"627","2012-09-18",3,0,2012
"628","2012-09-19",7,2,2012
"629","2012-09-20",16,0,2012
"630","2012-09-21",10,1,2012
"631","2012-09-22",0,0,2012
"632","2012-09-23",0,0,2012
"633","2012-09-24",3,0,2012
"634","2012-09-25",5,1,2012
"635","2012-09-26",0,0,2012
"636","2012-09-27",4,3,2012
"637","2012-09-28",2,0,2012
"638","2012-09-29",0,1,2012
"639","2012-09-30",0,0,2012
"640","2012-10-01",0,1,2012
"641","2012-10-02",9,0,2012
"642","2012-10-03",0,1,2012
"643","2012-10-04",0,1,2012
"644","2012-10-05",4,0,2012
"645","2012-10-06",2,0,2012
"646","2012-10-07",0,0,2012
"647","2012-10-08",0,0,2012
"648","2012-10-09",0,0,2012
"649","2012-10-10",2,0,2012
"650","2012-10-11",5,0,2012
"651","2012-10-12",0,0,2012
"652","2012-10-13",0,0,2012
"653","2012-10-14",0,0,2012
"654","2012-10-15",0,1,2012
"655","2012-10-16",1,0,2012
"656","2012-10-17",1,0,2012
"657","2012-10-18",0,1,2012
"658","2012-10-19",0,0,2012
"659","2012-10-20",0,0,2012
"660","2012-10-21",0,0,2012
"661","2012-10-22",0,0,2012
"662","2012-10-23",0,0,2012
"663","2012-10-24",0,0,2012
"664","2012-10-25",2,0,2012
"665","2012-10-26",0,0,2012
"666","2012-10-27",0,0,2012
"667","2012-10-28",0,1,2012
"668","2012-10-29",1,0,2012
"669","2012-10-30",0,0,2012
"670","2012-10-31",0,0,2012
"671","2012-11-01",0,0,2012
"672","2012-11-02",0,1,2012
"673","2012-11-03",0,0,2012
"674","2012-11-04",0,0,2012
"675","2012-11-05",0,0,2012
"676","2012-11-06",0,0,2012
"677","2012-11-07",0,1,2012
"678","2012-11-08",0,1,2012
"679","2012-11-09",0,1,2012
"680","2012-11-10",1,0,2012
"681","2012-11-11",0,0,2012
"682","2012-11-12",1,0,2012
"683","2012-11-13",0,1,2012
"684","2012-11-14",0,1,2012
"685","2012-11-15",5,0,2012
"686","2012-11-16",0,3,2012
"687","2012-11-17",0,1,2012
"688","2012-11-18",0,1,2012
"689","2012-11-19",0,1,2012
"690","2012-11-20",0,1,2012
"691","2012-11-21",0,1,2012
"692","2012-11-22",0,0,2012
"693","2012-11-23",0,0,2012
"694","2012-11-24",0,0,2012
"695","2012-11-25",0,1,2012
"696","2012-11-26",4,0,2012
"697","2012-11-27",0,2,2012
"698","2012-11-28",2,0,2012
"699","2012-11-29",0,0,2012
"700","2012-11-30",0,0,2012
"701","2012-12-01",0,0,2012
"702","2012-12-02",0,1,2012
"703","2012-12-03",0,0,2012
"704","2012-12-04",0,1,2012
"705","2012-12-05",4,0,2012
"706","2012-12-06",2,1,2012
"707","2012-12-07",1,0,2012
"708","2012-12-08",0,0,2012
"709","2012-12-09",0,1,2012
"710","2012-12-10",4,0,2012
"711","2012-12-11",6,0,2012
"712","2012-12-12",4,0,2012
"713","2012-12-13",0,0,2012
"714","2012-12-14",5,0,2012
"715","2012-12-15",1,1,2012
"716","2012-12-16",0,0,2012
"717","2012-12-17",0,0,2012
"718","2012-12-18",2,0,2012
"719","2012-12-19",0,2,2012
"720","2012-12-20",0,0,2012
"721","2012-12-21",0,0,2012
"722","2012-12-22",0,0,2012
"723","2012-12-23",0,0,2012
"724","2012-12-24",0,0,2012
"725","2012-12-25",0,0,2012
"726","2012-12-26",0,0,2012
"727","2012-12-27",2,0,2012
"728","2012-12-28",0,0,2012
"729","2012-12-29",0,1,2012
"730","2012-12-30",0,0,2012
"731","2012-12-31",0,0,2012
"732","2013-01-01",0,0,2013
"733","2013-01-02",0,0,2013
"734","2013-01-03",0,0,2013
"735","2013-01-04",0,0,2013
"736","2013-01-05",0,0,2013
"737","2013-01-06",0,0,2013
"738","2013-01-07",0,0,2013
"739","2013-01-08",0,0,2013
"740","2013-01-09",0,0,2013
"741","2013-01-10",2,0,2013
"742","2013-01-11",0,0,2013
"743","2013-01-12",0,0,2013
"744","2013-01-13",0,0,2013
"745","2013-01-14",1,0,2013
"746","2013-01-15",0,0,2013
"747","2013-01-16",0,0,2013
"748","2013-01-17",0,0,2013
"749","2013-01-18",0,1,2013
"750","2013-01-19",0,0,2013
"751","2013-01-20",0,0,2013
"752","2013-01-21",0,0,2013
"753","2013-01-22",0,0,2013
"754","2013-01-23",0,0,2013
"755","2013-01-24",0,1,2013
"756","2013-01-25",0,0,2013
"757","2013-01-26",0,0,2013
"758","2013-01-27",0,1,2013
"759","2013-01-28",0,0,2013
"760","2013-01-29",0,0,2013
"761","2013-01-30",0,0,2013
"762","2013-01-31",6,0,2013
"763","2013-02-01",0,0,2013
"764","2013-02-02",0,0,2013
"765","2013-02-03",0,0,2013
"766","2013-02-04",0,1,2013
"767","2013-02-05",0,0,2013
"768","2013-02-06",0,0,2013
"769","2013-02-07",1,1,2013
"770","2013-02-08",0,1,2013
"771","2013-02-09",7,0,2013
"772","2013-02-10",0,1,2013
"773","2013-02-11",1,0,2013
"774","2013-02-12",2,0,2013
"775","2013-02-13",0,0,2013
"776","2013-02-14",0,0,2013
"777","2013-02-15",0,0,2013
"778","2013-02-16",0,0,2013
"779","2013-02-17",0,0,2013
"780","2013-02-18",0,0,2013
"781","2013-02-19",3,1,2013
"782","2013-02-20",0,0,2013
"783","2013-02-21",0,0,2013
"784","2013-02-22",3,1,2013
"785","2013-02-23",0,0,2013
"786","2013-02-24",0,0,2013
"787","2013-02-25",0,0,2013
"788","2013-02-26",0,1,2013
"789","2013-02-27",0,1,2013
"790","2013-02-28",0,0,2013
"791","2013-03-01",0,0,2013
"792","2013-03-02",1,1,2013
"793","2013-03-03",0,1,2013
"794","2013-03-04",0,1,2013
"795","2013-03-05",3,0,2013
"796","2013-03-06",0,0,2013
"797","2013-03-07",10,0,2013
"798","2013-03-08",3,1,2013
"799","2013-03-09",0,0,2013
"800","2013-03-10",0,0,2013
"801","2013-03-11",4,0,2013
"802","2013-03-12",3,0,2013
"803","2013-03-13",0,2,2013
"804","2013-03-14",2,0,2013
"805","2013-03-15",0,1,2013
"806","2013-03-16",0,0,2013
"807","2013-03-17",0,0,2013
"808","2013-03-18",0,0,2013
"809","2013-03-19",0,0,2013
"810","2013-03-20",0,0,2013
"811","2013-03-21",0,0,2013
"812","2013-03-22",0,0,2013
"813","2013-03-23",0,0,2013
"814","2013-03-24",0,1,2013
"815","2013-03-25",0,1,2013
"816","2013-03-26",0,0,2013
"817","2013-03-27",3,0,2013
"818","2013-03-28",10,1,2013
"819","2013-03-29",0,2,2013
"820","2013-03-30",0,0,2013
"821","2013-03-31",0,0,2013
"822","2013-04-01",1,1,2013
"823","2013-04-02",0,0,2013
"824","2013-04-03",0,1,2013
"825","2013-04-04",0,0,2013
"826","2013-04-05",0,0,2013
"827","2013-04-06",0,0,2013
"828","2013-04-07",0,0,2013
"829","2013-04-08",0,1,2013
"830","2013-04-09",1,0,2013
"831","2013-04-10",3,0,2013
"832","2013-04-11",0,0,2013
"833","2013-04-12",0,0,2013
"834","2013-04-13",0,1,2013
"835","2013-04-14",0,1,2013
"836","2013-04-15",2,1,2013
"837","2013-04-16",0,1,2013
"838","2013-04-17",0,0,2013
"839","2013-04-18",1,1,2013
"840","2013-04-19",2,0,2013
"841","2013-04-20",0,1,2013
"842","2013-04-21",0,0,2013
"843","2013-04-22",26,1,2013
"844","2013-04-23",7,0,2013
"845","2013-04-24",11,1,2013
"846","2013-04-25",2,1,2013
"847","2013-04-26",5,1,2013
"848","2013-04-27",1,2,2013
"849","2013-04-28",0,2,2013
"850","2013-04-29",2,0,2013
"851","2013-04-30",0,0,2013
"852","2013-05-01",6,0,2013
"853","2013-05-02",0,1,2013
"854","2013-05-03",0,1,2013
"855","2013-05-04",1,1,2013
"856","2013-05-05",0,2,2013
"857","2013-05-06",1,2,2013
"858","2013-05-07",0,0,2013
"859","2013-05-08",0,0,2013
"860","2013-05-09",0,0,2013
"861","2013-05-10",1,1,2013
"862","2013-05-11",7,1,2013
"863","2013-05-12",1,0,2013
"864","2013-05-13",1,0,2013
"865","2013-05-14",0,1,2013
"866","2013-05-15",0,0,2013
"867","2013-05-16",0,0,2013
"868","2013-05-17",1,2,2013
"869","2013-05-18",0,1,2013
"870","2013-05-19",5,1,2013
"871","2013-05-20",0,1,2013
"872","2013-05-21",0,1,2013
"873","2013-05-22",1,0,2013
"874","2013-05-23",4,1,2013
"875","2013-05-24",0,0,2013
"876","2013-05-25",0,1,2013
"877","2013-05-26",0,0,2013
"878","2013-05-27",0,0,2013
"879","2013-05-28",5,0,2013
"880","2013-05-29",0,0,2013
"881","2013-05-30",0,0,2013
"882","2013-05-31",0,0,2013
"883","2013-06-01",0,0,2013
"884","2013-06-02",0,0,2013
"885","2013-06-03",1,1,2013
"886","2013-06-04",0,0,2013
"887","2013-06-05",0,0,2013
"888","2013-06-06",0,0,2013
"889","2013-06-07",1,0,2013
"890","2013-06-08",0,0,2013
"891","2013-06-09",0,1,2013
"892","2013-06-10",0,0,2013
"893","2013-06-11",0,0,2013
"894","2013-06-12",0,0,2013
"895","2013-06-13",3,0,2013
"896","2013-06-14",0,0,2013
"897","2013-06-15",0,1,2013
"898","2013-06-16",0,0,2013
"899","2013-06-17",0,0,2013
"900","2013-06-18",0,0,2013
"901","2013-06-19",2,0,2013
"902","2013-06-20",0,1,2013
"903","2013-06-21",0,0,2013
"904","2013-06-22",0,0,2013
"905","2013-06-23",0,0,2013
"906","2013-06-24",7,0,2013
"907","2013-06-25",0,0,2013
"908","2013-06-26",0,0,2013
"909","2013-06-27",2,0,2013
"910","2013-06-28",0,0,2013
"911","2013-06-29",0,0,2013
"912","2013-06-30",0,0,2013
"913","2013-07-01",7,1,2013
"914","2013-07-02",0,1,2013
"915","2013-07-03",0,0,2013
"916","2013-07-04",0,1,2013
"917","2013-07-05",0,2,2013
"918","2013-07-06",0,0,2013
"919","2013-07-07",0,0,2013
"920","2013-07-08",0,0,2013
"921","2013-07-09",0,0,2013
"922","2013-07-10",0,1,2013
"923","2013-07-11",1,0,2013
"924","2013-07-12",0,0,2013
"925","2013-07-13",0,0,2013
"926","2013-07-14",0,1,2013
"927","2013-07-15",0,1,2013
"928","2013-07-16",0,0,2013
"929","2013-07-17",0,1,2013
"930","2013-07-18",0,0,2013
"931","2013-07-19",0,0,2013
"932","2013-07-20",0,1,2013
"933","2013-07-21",0,0,2013
"934","2013-07-22",0,0,2013
"935","2013-07-23",0,0,2013
"936","2013-07-24",0,1,2013
"937","2013-07-25",0,1,2013
"938","2013-07-26",0,0,2013
"939","2013-07-27",0,1,2013
"940","2013-07-28",0,1,2013
"941","2013-07-29",0,0,2013
"942","2013-07-30",0,0,2013
"943","2013-07-31",0,1,2013
"944","2013-08-01",0,0,2013
"945","2013-08-02",0,0,2013
"946","2013-08-03",0,0,2013
"947","2013-08-04",0,0,2013
"948","2013-08-05",0,1,2013
"949","2013-08-06",0,1,2013
"950","2013-08-07",0,0,2013
"951","2013-08-08",0,1,2013
"952","2013-08-09",0,0,2013
"953","2013-08-10",0,0,2013
"954","2013-08-11",0,0,2013
"955","2013-08-12",0,1,2013
"956","2013-08-13",0,1,2013
"957","2013-08-14",0,0,2013
"958","2013-08-15",14,0,2013
"959","2013-08-16",0,2,2013
"960","2013-08-17",0,0,2013
"961","2013-08-18",0,0,2013
"962","2013-08-19",0,2,2013
"963","2013-08-20",1,0,2013
"964","2013-08-21",0,1,2013
"965","2013-08-22",0,0,2013
"966","2013-08-23",0,0,2013
"967","2013-08-24",0,0,2013
"968","2013-08-25",0,0,2013
"969","2013-08-26",0,1,2013
"970","2013-08-27",0,0,2013
"971","2013-08-28",3,1,2013
"972","2013-08-29",0,1,2013
"973","2013-08-30",0,1,2013
"974","2013-08-31",0,1,2013
"975","2013-09-01",0,1,2013
"976","2013-09-02",0,1,2013
"977","2013-09-03",0,0,2013
"978","2013-09-04",0,0,2013
"979","2013-09-05",0,0,2013
"980","2013-09-06",0,1,2013
"981","2013-09-07",0,0,2013
"982","2013-09-08",0,2,2013
"983","2013-09-09",0,1,2013
"984","2013-09-10",0,1,2013
"985","2013-09-11",8,1,2013
"986","2013-09-12",10,0,2013
"987","2013-09-13",0,0,2013
"988","2013-09-14",0,0,2013
"989","2013-09-15",0,0,2013
"990","2013-09-16",0,0,2013
"991","2013-09-17",0,1,2013
"992","2013-09-18",0,0,2013
"993","2013-09-19",0,0,2013
"994","2013-09-20",0,1,2013
"995","2013-09-21",0,3,2013
"996","2013-09-22",0,0,2013
"997","2013-09-23",0,1,2013
"998","2013-09-24",0,0,2013
"999","2013-09-25",0,0,2013
"1000","2013-09-26",0,0,2013
"1001","2013-09-27",0,0,2013
"1002","2013-09-28",0,0,2013
"1003","2013-09-29",0,2,2013
"1004","2013-09-30",0,0,2013
"1005","2013-10-01",0,0,2013
"1006","2013-10-02",0,1,2013
"1007","2013-10-03",0,0,2013
"1008","2013-10-04",0,0,2013
"1009","2013-10-05",0,1,2013
"1010","2013-10-06",0,0,2013
"1011","2013-10-07",0,0,2013
"1012","2013-10-08",0,0,2013
"1013","2013-10-09",0,2,2013
"1014","2013-10-10",0,0,2013
"1015","2013-10-11",0,0,2013
"1016","2013-10-12",0,1,2013
"1017","2013-10-13",0,0,2013
"1018","2013-10-14",0,0,2013
"1019","2013-10-15",0,0,2013
"1020","2013-10-16",0,1,2013
"1021","2013-10-17",0,0,2013
"1022","2013-10-18",0,0,2013
"1023","2013-10-19",0,0,2013
"1024","2013-10-20",0,1,2013
"1025","2013-10-21",0,0,2013
"1026","2013-10-22",0,0,2013
"1027","2013-10-23",5,0,2013
"1028","2013-10-24",0,1,2013
"1029","2013-10-25",0,0,2013
"1030","2013-10-26",0,0,2013
"1031","2013-10-27",0,0,2013
"1032","2013-10-28",0,0,2013
"1033","2013-10-29",0,0,2013
"1034","2013-10-30",0,0,2013
"1035","2013-10-31",0,1,2013
"1036","2013-11-01",0,0,2013
"1037","2013-11-02",0,0,2013
"1038","2013-11-03",0,0,2013
"1039","2013-11-04",0,1,2013
"1040","2013-11-05",0,0,2013
"1041","2013-11-06",0,1,2013
"1042","2013-11-07",0,1,2013
"1043","2013-11-08",0,0,2013
"1044","2013-11-09",0,1,2013
"1045","2013-11-10",0,0,2013
"1046","2013-11-11",0,0,2013
"1047","2013-11-12",0,0,2013
"1048","2013-11-13",0,1,2013
"1049","2013-11-14",0,0,2013
"1050","2013-11-15",0,0,2013
"1051","2013-11-16",0,0,2013
"1052","2013-11-17",0,0,2013
"1053","2013-11-18",0,0,2013
"1054","2013-11-19",0,0,2013
"1055","2013-11-20",0,0,2013
"1056","2013-11-21",0,0,2013
"1057","2013-11-22",0,0,2013
"1058","2013-11-23",0,1,2013
"1059","2013-11-24",0,0,2013
"1060","2013-11-25",0,0,2013
"1061","2013-11-26",0,1,2013
"1062","2013-11-27",0,2,2013
"1063","2013-11-28",0,0,2013
"1064","2013-11-29",0,0,2013
"1065","2013-11-30",0,0,2013
"1066","2013-12-01",0,0,2013
"1067","2013-12-02",0,0,2013
"1068","2013-12-03",0,0,2013
"1069","2013-12-04",0,2,2013
"1070","2013-12-05",0,3,2013
"1071","2013-12-06",0,1,2013
"1072","2013-12-07",0,0,2013
"1073","2013-12-08",0,0,2013
"1074","2013-12-09",0,0,2013
"1075","2013-12-10",0,0,2013
"1076","2013-12-11",0,0,2013
"1077","2013-12-12",0,0,2013
"1078","2013-12-13",0,0,2013
"1079","2013-12-14",0,0,2013
"1080","2013-12-15",0,0,2013
"1081","2013-12-16",0,1,2013
"1082","2013-12-17",0,0,2013
"1083","2013-12-18",0,0,2013
"1084","2013-12-19",0,0,2013
"1085","2013-12-20",0,0,2013
"1086","2013-12-21",0,1,2013
"1087","2013-12-22",0,0,2013
"1088","2013-12-23",0,0,2013
"1089","2013-12-24",0,1,2013
"1090","2013-12-25",0,0,2013
"1091","2013-12-26",0,0,2013
"1092","2013-12-27",0,1,2013
"1093","2013-12-28",0,0,2013
"1094","2013-12-29",0,0,2013
"1095","2013-12-30",0,0,2013
"1096","2013-12-31",0,0,2013
